{"cameraMode":{"drawMode":0,"name":"Shaded","section":"Shading Mode"},"sceneLighting":true,"audioPlay":false,"sceneViewState":{"showFog":true,"showMaterialUpdate":false,"showSkybox":true,"showFlares":true,"showImageEffects":true,"showParticleSystems":true},"in2DMode":false,"pivot":{"x":1.000503420829773,"y":-0.26506781578063967,"z":0.38771629333496096},"rotation":{"x":-0.0020573928486555816,"y":-0.969421923160553,"z":0.24527353048324586,"w":-0.008137224242091179},"size":7.061990261077881,"orthographic":false}