{"cameraMode":{"drawMode":0,"name":"Shaded","section":"Shading Mode"},"sceneLighting":false,"audioPlay":false,"sceneViewState":{"showFog":true,"showMaterialUpdate":false,"showSkybox":false,"showFlares":true,"showImageEffects":true,"showParticleSystems":true},"in2DMode":false,"pivot":{"x":-0.329783171415329,"y":1.5985732078552247,"z":2.6467368602752687},"rotation":{"x":-0.002897587139159441,"y":-0.9794083833694458,"z":0.20140251517295838,"w":-0.014098219573497773},"size":2.5578837394714357,"orthographic":false}